target_number,archetype_id,archetype_label,company_name,website_url,location_city,location_country,estimated_scale,decision_maker_name,decision_maker_title,contact_route,commercial_validation_signal,observable_friction,kachmo_solution_angle,personalized_outreach_hook
001,1: White-Label Agency,1: White-Label Agency,Deuce Studio,https://deucestudio.com,London,United Kingdom,Small team (under 15),Studio Principals,Co-Founders,info@deucestudio.com,"Luxury FMCG/lifestyle brand and packaging clients incl. Budweiser, White Rabbit Pizza Co., Lee Kum Kee, Pret, Jamie Oliver, Monotype","Pure-play brand and packaging studio: portfolio concentrates on identity/packaging shown as static case-study imagery, with no evidence of an in-house production frontend engineering bench (custom React, GSAP, WebGL). Interactive digital build work is typically sourced externally.",Wholesale creative-engineering execution arm for Next.js/GSAP/WebGL builds under mutual NDA and non-solicitation,Your packaging work for White Rabbit and Phizz is strong; we carry that craft into production React/GSAP without in-house engineering overhead.
002,1: White-Label Agency,1: White-Label Agency,Slice Design,https://slicedesign.co.uk,London,United Kingdom,Owner-run since 2004,Alan Gilbody,Owner,via contact form (slicedesign.co.uk/get-in-touch),"Packaging design for GSK, Lixir, AspenClean, Pure Nosh; 20+ years focused on FMCG packaging","Packaging-only service offering — no web or engineering capability listed; digital presence limited to studio blog/newsletter, leaving client digital touchpoints unaddressed.",Fixed-fee white-label packaging-site and microsite builds (Next.js/GSAP) delivered invisibly behind their brand,"Slice has produced refined FMCG packaging since 2004; we handle the occasional production React/GSAP build your clients need, invisibly."
003,1: White-Label Agency,1: White-Label Agency,Fellow Partners,https://fellowstudio.com,London,United Kingdom,"Independent studio, approx. 10-20 people",Studio Principals,Founders,info@fellow.partners,"International brand and marketing agency across strategy, identity and campaign for Europe and North America","Capabilities stop at strategy, identity and campaign direction — no engineering or web-development function listed, so production-grade frontend builds fall outside the studio.","Overflow execution partner for React/GSAP builds scoped per project under NDA, letting Fellow stay design-led","Fellow's cross-border campaigns are consistently sharp; when a build outgrows capacity, we act as your invisible execution arm."
004,1: White-Label Agency,1: White-Label Agency,Elouve Collective,https://www.elouvecollective.com,London,United Kingdom,Boutique luxury-branding studio,Studio Principals,Founders,via contact page (elouvecollective.com/contact),"Luxury branding for cult beauty, jewellery, fragrance and interiors brands in high-margin categories","Positioned around luxury identity and packaging; website work sits at template level rather than custom interaction, limiting how far their craft extends into live digital.",White-label custom frontend (React/GSAP) for luxury brand sites where the identity deserves a matching build,Your fragrance and jewellery identities deserve interactive sites that match; we build those quietly for partner studios.
005,1: White-Label Agency,1: White-Label Agency,LMPP Studio,https://lmpp.studio,London,United Kingdom,Retail-branding specialist studio,Studio Principals,Founders,via contact form (lmpp.studio/contact),"Award-winning retail branding and packaging (DBA Awards, Design Week); specialist in-store and retail brand systems",Retail and packaging specialism with no in-house frontend engineering; digital components of retail programmes typically handled by third parties.,"Invisible white-label partner for retail brand sites, configurators and launch microsites in Next.js/GSAP",LMPP's retail systems are excellent; we provide the quiet production-engineering layer when a brand project needs a custom build.
006,1: White-Label Agency,1: White-Label Agency,SUM Design,https://sumdesign.co.uk,London,United Kingdom,Boutique studio working with founders,Studio Principals,Founders,info@sumdesign.co.uk,"Boutique Shoreditch branding studio for founders, creative leads and in-house teams (+44 20 3920 0163)","Services centre on brand strategy, identity, print and packaging; occasional website work is standard-build rather than custom-engineered interaction.","Partner for bespoke Next.js/GSAP projects exceeding a small boutique's bandwidth, delivered under NDA","SUM's founder-led branding is distinctive; when a project needs heavier production engineering, we step in invisibly."
007,1: White-Label Agency,1: White-Label Agency,Order Design,https://order.design,Brooklyn,United States,"Small identity office, approx. 8-12 people",Jesse Reed,Principal Co-Founder,brooklyn@order.design,"Founded by Jesse Reed and Hamish Smyth; identities for Herman Miller, Apple, Kickstarter, NASA, MoMA, Floyd, Justworks",Pure brand-identity office whose portfolio is presented entirely as static typographic and mockup case studies; no web-development or engineering capability offered.,"Preferred white-label execution arm: Order designs world-class identities and we engineer the production frontend to match, under strict NDA","Order's identity systems for Herman Miller and NASA are exemplary; we engineer the production sites those identities deserve, invisibly."
008,1: White-Label Agency,1: White-Label Agency,Saint Urbain,https://www.sainturbain.com,New York,United States,"Multidisciplinary studio, approx. 8-12 people",Alex Ostroff,Founder & Creative Director,info@sainturbain.com,"Multidisciplinary creative agency (branding, art direction, packaging) with offices in New York, Los Angeles, Mexico City, Montreal",Digital delivery demonstrably outsourced (client-site credits point to external builders such as mill3.studio); no in-house production engineering bench for complex interaction.,"Trusted overflow partner for React/GSAP/WebGL builds delivered under the agency's name, with mutual non-solicitation","Saint Urbain's beauty and culture work sets a high bar; where builds exceed capacity, we serve as your silent production partner."
009,1: White-Label Agency,1: White-Label Agency,Other Means,https://othermeans.us,Brooklyn,United States,Small graphic design studio,Studio Principals,Founders,via contact page (othermeans.us/contact),"Typographic identities, print, exhibitions and websites for Figma, Artnet, MIT Technology Review, MoMA PS1, Baggu","Culture-sector studio emphasising typography, print and exhibitions; website work exists but no dedicated creative-engineering squad for GSAP/WebGL-grade interaction.","Selective white-label partnership for interactive, canvas-heavy cultural and editorial sites built in Next.js + GSAP",Other Means' typographic discipline for Artnet and MIT Tech Review is the standard we build to; happy to support complex interactive commissions.
010,1: White-Label Agency,1: White-Label Agency,Splash Creative,https://splashcreative.com,New York,United States,Senior-led studio founded 2015,David Herskowitz,Founder & Creative Director,hello@splashcreative.com,"Design-led NYC branding and web-design studio handling strategy, identity and web design for growing brands","Full-service small studio delivering marketing-grade websites; complex production creative engineering (WebGL, GSAP scroll narratives, performance-critical React) sits outside a marketing-site practice.",Discrete white-label engagements for high-interaction features and launches beyond a senior-led studio's usual scope,"Splash produces sharp identity-and-web work for New York brands; when a brief needs deeper interaction engineering, we take it off your plate under NDA."
011,1: White-Label Agency,1: White-Label Agency,Moniker,https://monikersf.com,San Francisco,United States,Small senior-only identity studio,Studio Principals,Founders,hello@monikerSF.com,"San Francisco identity studio combining design, language and strategy; Red Dot award-winning; startups to established brands","Work lives in naming, identity systems, packaging and motion; no in-house software-engineering capability, so digitally expressed identities depend on external production partners.","Engineering partner for turning Moniker's identity and motion systems into production React/GSAP sites, under NDA",Moniker's identity and motion work deserves engineered sites that match its precision; we welcome acting as your production arm.
012,1: White-Label Agency,1: White-Label Agency,Shawn Scott Studio,https://www.shawnscott.studio,San Francisco,United States,Boutique food-and-beverage branding studio,Shawn Scott,Founder,via contact page (shawnscott.studio/contact),"Food, beverage and hospitality branding studio; award-winning portfolio across restaurants, CPG and lifestyle brands","Specialist F&B branding studio with no engineering capability; hospitality clients needing reservation flows, menus or launch sites must source build work elsewhere.",Quiet build partner for restaurant/hospitality sites and landing experiences delivered under the studio's brand,"Your F&B identity work is excellent; when clients ask for the accompanying site, we build it invisibly to your standard."
013,1: White-Label Agency,1: White-Label Agency,Strohl,https://strohlsf.com,San Francisco,United States,Boutique brand and packaging studio,Daniel Lurie,Founder,via contact page (strohlsf.com/contact),"Specialised brand and packaging design for Axiom Space, Google Gemini, Timbuk2, American Giant, Ibis Cycles, Craftsman and Wolves","Boutique brand/packaging studio focused on identity and physical artefacts; digital work is presentation-level with no production engineering bench, leaving live digital to vendors.",White-label Next.js/GSAP execution for brand and launch sites that carry Strohl's craft into production,Strohl's work for Axiom and Google deserves engineered sites to match; we can act as your invisible production partner.
014,1: White-Label Agency,1: White-Label Agency,Elixir Design,https://www.elixirdesign.com,San Francisco,United States,"Established identity firm, founded 1992",Jennifer Jerde,Founder & Creative Director,info@elixirdesign.com,"Long-established women-led brand identity firm; strategists, writers and designers serving purpose-driven brands (+1 415 834 0300)","Established identity practice organised around strategy, identity and content creation rather than engineering; complex interactive frontends fall outside a traditional identity studio's model.","Selective white-label partnership for digital expressions of identity requiring production-grade React, GSAP or WebGL","Elixir's human-centred identity work is distinguished; for projects needing deeper interaction engineering, we serve as your trusted build partner."
015,1: White-Label Agency,1: White-Label Agency,Wunder,https://wunder.nl,Amsterdam,Netherlands,"Branding bureau, small senior team",Studio Principals,Founders,hello@wunder.nl,"Amsterdam branding bureau covering strategy, design and naming, recognised in Dutch design circles (Leidsestraat)","Pure brand-strategy and design bureau with no engineering function; any website dimension must be sourced externally, suiting a white-label arrangement.","Preferred execution partner for brand-site builds where strategy-led identity meets production frontend, under NDA","Wunder's strategy-led branding is rigorous; when a project needs a production-grade build, we deliver it invisibly behind your name."
016,1: White-Label Agency,1: White-Label Agency,Wonderland,https://wonderland.studio,Amsterdam,Netherlands,Experience and brand identity studio,Studio Principals,Founders,hello@wonderland.studio,"Amsterdam experience and brand identity studio: strategy, design and sustainability for growth brands (Vinkenstraat 119)",Brand and experience studio strong in strategy/design direction rather than in-house software engineering; custom-coded interactive experiences are a natural partner extension.,White-label partner for coded experience pieces and brand sites (React/GSAP/WebGL) aligned to their design direction,Wonderland builds memorable brand experiences; we handle the production engineering so they perform flawlessly in-browser.
017,1: White-Label Agency,1: White-Label Agency,Helder,https://helder.design,Berlin,Germany,Core team of five plus two partners,Dr. Birgit Joest,"Co-Founder, Strategy Director",studio@helder.design,Berlin brand strategy and design studio led by Dr. Birgit Joest and Maurits den Held; established European brands and institutions,Roll-out reach extends to communications and website implementation via a partner network rather than a dedicated engineering squad; ambitious custom frontends warrant a specialist partner.,"Specialist engineering partner for bespoke interactive brand sites, engaged per project under NDA",Helder's strategic brand work is considered; for technically ambitious site builds we act as your specialist implementation arm.
018,1: White-Label Agency,1: White-Label Agency,A New Day Studio,https://anewday.studio,Berlin,Germany,Independent brand identity studio,Studio Principals,Founders,hello@anewday.studio,"Berlin creative studio focussed on brand identity design: strategy, creative direction and execution",Digital offering centres on website relaunch direction rather than in-house engineering; heavy interactive work is a clear overflow opportunity.,Project-based white-label engineering for campaigns and relaunches demanding custom React/GSAP beyond templates,A New Day's focused identity work is compelling; for technically demanding builds we step in as your silent engineering partner.
019,1: White-Label Agency,1: White-Label Agency,Violet Office,https://violetoffice.com,Berlin,Germany,Small independent brand design studio,Calvin Waterman,Co-Founder & Creative Director,via contact page (violetoffice.com/contact),"Berlin-founded studio working globally across identity, motion, digital products and physical objects; alumni of AOL, Google, Levi's rebrands","Digital product work leans toward prototyping and ecommerce delivery; deep custom creative engineering (WebGL, advanced motion systems) sits outside their discipline.","Specialist overflow partner for high-end creative frontend (React/GSAP/WebGL) within broader design engagements, under NDA","Violet Office's identity and motion range is impressive; where a brief needs specialist production engineering, we partner quietly."
020,1: White-Label Agency,1: White-Label Agency,studio sesenta,https://www.studiosesenta.com,Vienna,Austria,Independent branding studio,Studio Principals,Founders,hi@studiosesenta.com,"Vienna branding studio featured by Forbes, DerStandard, Brand Eins; client projects report measurable revenue uplift","Branding studio with proven strategy/identity outcomes; no in-house engineering capability presented, so live digital expression of identities is outsourced by default.",White-label execution partner converting brand systems into performant Next.js/GSAP sites under the studio's name,"sesenta's results-driven branding is notable; for the digital layer of ambitious projects, we serve as your engineering partner."
021,1: White-Label Agency,1: White-Label Agency,Granyon,https://www.granyon.com,Copenhagen,Denmark,Senior-only design studio,Studio Principals,Founders,hello@granyon.com,Copenhagen senior-only design studio working with values-driven brands on identity and digital design,Design-led studio focused on identity and digital design direction; senior-only creative team with no dedicated frontend-engineering bench.,Specialist white-label frontend partner for identity-driven digital work requiring React/GSAP craft,"Granyon's values-led design work is accomplished; where projects need production engineering, we serve as your code partner under NDA."
022,1: White-Label Agency,1: White-Label Agency,Side Perspectives,https://sideperspectives.com,Vienna,Austria,Independent graphic design studio,Studio Principals,Founders,hello@sideperspectives.com,"Vienna graphic design studio covering branding, editorial and visual identity for European clients (Mildeplatz 11/14)",Independent graphic design studio with a branding/editorial focus and no stated engineering function; custom-code digital commissions need an external production partner.,Discrete white-label partner for editorial-style brand sites and interactive storytelling in React/GSAP,"Side Perspectives' editorial and identity work is refined; when a project demands custom frontend, we build it invisibly."
023,1: White-Label Agency,1: White-Label Agency,We Are Colette,https://wearecolette.com,Toronto,Canada,Owner-led branding agency and design studio,Founding Partners,Owners,via contact page (wearecolette.com/contact),"Strategic branding consultancy for founders, CMOs and executives; clients include MCAN Financial, Clearspeed, Tidal Equality, University of Toronto","Owner-led branding studio whose web offering covers marketing-site design and development; bespoke interactive engineering (GSAP-heavy narrative, WebGL) is a complementary overflow niche.","Partner for high-interaction digital pieces scoped per project, delivered under the Colette brand under NDA","Colette's brand strategy work for Canadian institutions is solid; for builds needing deeper motion engineering, we partner quietly."
024,1: White-Label Agency,1: White-Label Agency,Lolo Agency,https://loloagency.com,Toronto,Canada,Boutique brand and design agency,Founding Partners,Founders,via contact form (loloagency.com),"The Agency of Love and Logic (formerly The Workhouse), Toronto; brand strategy, visual systems, art direction and editorial for Canadian organisations","Boutique branding agency focused on strategy and design direction; development is secondary to creative, making custom production engineering a clean overflow opportunity.",Reliable white-label execution for Next.js/GSAP brand builds exceeding an agency's usual bandwidth,"Lolo's love-and-logic approach to branding resonates; when execution needs specialist engineering, we act as your trusted partner."
025,1: White-Label Agency,1: White-Label Agency,Moloobhoy & Brown,https://www.moloobhoybrown.com,Dubai,United Arab Emirates,Strategic brand design studio,Studio Principals,Founders,via contact page (moloobhoybrown.com/contact-us),"Dubai strategic brand design studio with a portfolio including Jumeirah, Virgin Megastore and regional/international brands","Strategic brand design studio whose output is identity- and campaign-led; there is no in-house engineering bench, so digital build work is naturally sourced externally.",Preferred white-label engineering arm for brand and campaign sites delivered invisibly for Dubai partner studios,Moloobhoy & Brown's regional brand work is distinctive; we supply the production-engineering layer for partner projects under NDA.
026,1: White-Label Agency,1: White-Label Agency,Formulate Creative,https://www.formulatecreative.com,Dubai,United Arab Emirates,Close-knit boutique branding studio,Studio Principals,Founders,via quote request form (formulatecreative.com),"Dubai boutique branding studio; clients include ALEC, Jumeirah Group, AWS, Central Bank UAE and Dubai Holding",Boutique branding studio serving large institutional clients with identity and strategy; custom interactive engineering sits outside a small studio's in-house capability.,White-label partner for institutional-grade brand sites and launch experiences in Next.js/GSAP under NDA,"Formulate's work for institutions like ALEC and the Central Bank is substantial; for technically ambitious builds, we partner invisibly."
027,1: White-Label Agency,1: White-Label Agency,Mixed Elements Design Studio,https://www.medesignstudio.me,Dubai,United Arab Emirates,Boutique brand and packaging design studio,Studio Principals,Founders,via contact form (medesignstudio.me),Boutique Dubai brand and packaging design studio serving regional consumer and lifestyle brands,Packaging and brand design specialism with no engineering function; live digital expressions of brand identities require an external build partner.,Quiet white-label partner for packaging-brand launch sites and micro-experiences in React/GSAP,"Mixed Elements' packaging work is finely crafted; we build the accompanying interactive sites for partner studios, invisibly."
028,1: White-Label Agency,1: White-Label Agency,Non-Object,https://non-object.com,Vienna,Austria,Independent typography and brand identity studio,Artem Matyushkin,Co-Founder,via contact page (non-object.com/contact),"Independent typography and brand identity studio with studios in Paris, Seoul, Tbilisi and Vienna; European and Asian clients",Typography-led brand identity studio with no software-engineering capability; digital realisation of identity systems depends on external production partners.,Execution partner for production-grade typographic and interactive sites (React/GSAP) realised from Non-Object's identity systems,Non-Object's typographic precision across its international studios is exceptional; we engineer the sites those systems power.
029,1: White-Label Agency,1: White-Label Agency,Chukster Studio,https://chukster.com,Copenhagen,Denmark,Multinational independent studio,Rebecca Meyer,Creative Director,via contact page (chukster.com/contact),"Frederiksberg/Copenhagen creative studio led by Rebecca Meyer and Steven Hubbard; identity, campaign and packaging internationally","Independent creative studio spanning identity, campaigns and packaging; digital delivery is design-direction-led rather than engineering-led, leaving production builds to partners.",White-label engineering partner for campaign sites and brand experiences requiring GSAP/Next.js/WebGL depth,Chukster's international identity and campaign work is strong; we carry those campaigns into production code as your silent build partner.
030,1: White-Label Agency,1: White-Label Agency,Thonik,https://www.thonik.nl,Amsterdam,Netherlands,"Independent design studio, approx. 20-30 people",Thomas Widdershoven,Co-Founder & Creative Director,info@thonik.nl,"Thonik is a highly influential Amsterdam studio recognised for cultural, political and social brand work and self-initiated publishing","Influential independent studio whose primary discipline is brand identity, publication and spatial/cultural design rather than software engineering; technically complex sites are naturally partnered out.",Selective white-label engineering partner for culturally significant brand sites requiring custom interactive craft,"Thonik's cultural and political brand work is iconic; for projects needing specialist production engineering, we can support under NDA."
031,2: Startup Craft Upgrade,2: Startup Craft Upgrade,End Close,https://endclose.com,London,United Kingdom,"YC-backed Winter 2026, team of 2",Sean Bolton,Founder/CEO,founders@endclose.com,YC Winter 2026; reconciliation automation for high-volume payments companies handling a trillion dollars annually (team previously reconciled a trillion/yr at Modern Treasury),"Custom-built Next.js marketing site that reads like a procurement evaluation document: dense feature matrices and vendor-comparison tables dominate the scroll, and 'Book a demo' routes to a founder's personal Calendly link. Credible and thorough, but there is no distinctive product narrative or visual identity above the fold.","7-14 day hero and narrative rework that converts the dense value proposition into a crisp, visually differentiated first screen while preserving technical depth",End Close reconciles trillions with impressive rigor; your landing page matches that density but buries the story. We sharpen first-screen craft without losing technical credibility.
032,2: Startup Craft Upgrade,2: Startup Craft Upgrade,Kestrel AI,https://usekestrel.ai,San Francisco,United States,"YC-backed Fall 2025, seed-backed (Chispa VC, Founder Factor, Team Ignite), team of 2",Raman Varma,Founder/CEO,demo booking (calendly.com/hello-usekestrel),"YC Fall 2025; AI workflow automation for platform engineering, $1,000 usage credits offering and 14-day trial, backed by early-stage VC funding","Polished developer-marketing site whose visual language leans on integration logos, CLI/SDK snippets and workflow diagrams rather than a distinctive product identity; the hero carries the generic 'Backed by Y Combinator' badge stack common across the AI-devtools cohort.",Visual-distinction pass on the hero and first fold so platform-engineering value reads beyond the standard devtool template,Kestrel's deterministic workflow engine is genuinely differentiated; the landing page currently reads like every other AI-devtools template. We would make the first screen match the engineering.
033,2: Startup Craft Upgrade,2: Startup Craft Upgrade,Moss,https://moss.dev,San Francisco,United States,"YC-backed Winter 2025, 500K+ npm installs, founder ex-Grammarly/Microsoft ML Lead",Sri Raghu Malireddi,Founder,founders@moss.dev,"YC Winter 2025; sub-10ms real-time semantic search runtime replacing vector databases; production deployments at Grammarly, Microsoft, Zomato and Consensus","Technical credibility is communicated through benchmark charts and a logo wall, but the page is a classic devtool feature dump: value carried by latency numbers and vector-DB comparisons inside a generic dark-mode developer aesthetic with little bespoke brand language.",Developer-site craft pass that translates sub-10ms performance into a first screen selling to both engineers and buying executives,"Moss's sub-10ms retrieval is a compelling technical win; the site explains it through benchmark charts alone. We translate that performance into a first screen that sells to buyers, not just builders."
034,2: Startup Craft Upgrade,2: Startup Craft Upgrade,Marker,https://onmarker.com,San Francisco,United States,"YC-backed Summer 2026, team of 3 (ex-Gap Office of AI)",Will Drevno,Co-Founder,via contact page (onmarker.com/contact),YC Summer 2026; founders sold their last company to Gap and ran its Office of AI; embeds to ship AI agents in weeks,Astro-built narrative landing page that opens with a long essay-style problem/alternatives/solution argument and Gap Office of AI provenance; persuasive copy but visually text-forward with minimal product UI and no distinctive visual system separating it from consultancy copy.,"Narrative compression and visual-system pass turning the essay into a tight, product-led first screen with a visual identity","Marker's embedded-agents story is strong, but the landing page leads with an essay rather than a product. We tighten the narrative into a sharper, more visual first screen."
035,2: Startup Craft Upgrade,2: Startup Craft Upgrade,Poth Labs,https://pothlabs.com,San Francisco,United States,"YC-backed Fall 2025, AI-native customer research platform, founder ex-Palantir/Stanford",Matthew Wong,Founder/CEO,matthew@pothlabs.com,"YC Fall 2025; customer knowledge graph mapping analytics, transcripts and CRM notes to cited answers for churn/adoption questions","Framer-built page with a hero video and clear CTAs ('Connect your data free', 'Book a demo'), but evidence blocks, member stories and an extensive integration-icon wall stack into a long, information-dense scroll with limited visual hierarchy — closer to a launch post than a conversion-oriented page.",Conversion-focused restructuring that keeps the evidence-led proof but introduces hierarchy and breathing room above the fold,Poth turns fragmented customer data into cited evidence; the landing page itself is fragmented across evidence blocks and integration walls. We would give it the same clarity you sell.
036,2: Startup Craft Upgrade,2: Startup Craft Upgrade,Contrario,https://contrario.ai,San Francisco,United States,"YC-backed Winter 2025, team of 20, AI recruiting platform",Arya Marwaha,Founder/CEO,via contact page (contrario.ai/contact),YC Winter 2025; AI recruiting platform combining expert recruiters with AI for critical hires; trusted by teams at every stage,"Media-heavy Framer build (framerusercontent asset paths) stacking numbered benefit blocks, 'Live Matches' panels and repeated testimonial/carousel imagery; the carousel-like partner arrangement risks above-fold clutter and the layout reads assembly-line recruiting SaaS rather than a considered hiring-brand experience.",Restraint-and-hierarchy pass that reduces media density and gives a premium recruiting product a premium page,Contrario combines AI with expert recruiters effectively; heavy media stacking undercuts that premium positioning. We bring restraint and hierarchy back to the scroll.
037,2: Startup Craft Upgrade,2: Startup Craft Upgrade,Corsair,https://www.corsair.dev,New York,United States,"YC-backed Winter 2025, open-source integration layer, team of 2",Dev Jain,Founder/CTO,via contact page (corsair.dev/contact),"YC Winter 2025; open-source production-grade integration layer with permissions, self-hosting and typed SDKs","Clean docs-first developer page dominated by pricing tiers, permissions copy and an FAQ block; follows the standard open-source-infra template (problem/solution bullets -> tier table -> FAQ) with honest messaging but no distinctive visual identity or product narrative above the fold.",Visual identity and first-fold narrative pass giving an honest open-source tool a distinct product presence,Corsair's open-source integration layer solves a real maintenance burden; the site explains it plainly but blends into the open-source-infra template set. We give it a distinct first impression.
038,2: Startup Craft Upgrade,2: Startup Craft Upgrade,Promptless,https://promptless.ai,San Francisco,United States,"YC-backed Winter 2025, team of 5, AI agent governance",Prithvi Ramakrishnan,Co-Founder,via contact page (promptless.ai),"YC Winter 2025; governs and improves AI agent fleets from session traces, with metrics such as token spend down 18%",Homepage visibly repeats header/navigation blocks and customer-logo/testimonial sections; value is carried by metrics panels and agent-vendor logos rather than a distinctive product visual language.,De-duplication and visual-system pass reducing repetition and building a coherent page identity,Promptless teaches fleets of agents from every session; the homepage repeats itself and leans on metric panels. We tighten the page to match the precision of the product.
039,2: Startup Craft Upgrade,2: Startup Craft Upgrade,Truffle AI,https://www.trytruffle.ai,Bengaluru,India,"YC-backed Winter 2025, team of 2, open-sourced Dexto orchestration layer",Shaunak Srivastava,Founder/CEO,via contact page (trytruffle.ai),YC Winter 2025; serverless AI-agent deployment and orchestration SDK supporting MCP and 100+ LLMs; open-sourced Dexto orchestration layer,"SDK-docs-first landing page assembled from boilerplate SaaS copy sections ('Transform Your Business with AI', 'Build, Deploy, Scale', 'Start Building Your AI Future') and template-like feature cards; demo routing points to a personal Calendly link rather than self-serve entry.",Full first-screen rewrite replacing boilerplate sections with product-specific storytelling and clearer self-serve entry,"Truffle abstracts agent infrastructure well; the landing page is assembled from generic SaaS sections. We replace the boilerplate with crafted, product-specific storytelling."
040,2: Startup Craft Upgrade,2: Startup Craft Upgrade,Corelayer,https://www.corelayer.com,San Francisco,United States,"YC-backed Winter 2026, team of 3, production incident prevention for regulated industries",Mitch Radhuber,Founder/CEO,via demo page (corelayer.com/demo),"YC Winter 2026; proactive incident response and prevention for complex production environments, BYOC/on-prem with SOC 2 posture","Well-produced security-vendor landing pattern: architecture diagram -> integrations strip -> SOC 2 badge block -> FAQ. Credible and compliance-forward, but visually interchangeable with other infra-security pages and light on a distinctive product identity.",Distinctive product-identity pass separating a technically novel agent platform from the commodity security-template look,Corelayer prevents incidents in regulated environments; the site establishes trust but follows a predictable security-vendor layout. We make the craft as considered as the engineering.
041,2: Startup Craft Upgrade,2: Startup Craft Upgrade,Clerked,https://clerked.ai,San Francisco,United States,"YC-backed Winter 2026, team of 3, AI clerks for accounts payable",Evan Meyer,Founder/CEO,via contact page (clerked.ai/contact),"YC Winter 2026; AI clerks that automate payables inside existing ERP systems, customers include Enve Composites, Odeko, Boyd Industries","Homepage front-loads customer logos and CFO/controller testimonial quotes before clearly stating what Clerked does; the value proposition emerges gradually through case-study snippets rather than a sharp above-fold message, and hierarchy is logo/testimonial-led.","Above-fold messaging restructure putting the product promise and clearest proof point first, with testimonials supporting rather than leading",Clerked automates accounts payable inside ERPs; the homepage leads with testimonials before the product. We put the clearest value statement above the fold.
042,2: Startup Craft Upgrade,2: Startup Craft Upgrade,Dome,https://domeapi.io,San Francisco,United States,"YC-backed Fall 2025, team of 2, unified prediction-markets API; announced joining Polymarket",Kurush Dubash,Founder/CEO,support@domeapi.com,YC Fall 2025; unified API and SDK for Polymarket/Kalshi prediction-market data with historical orderbook access,"Assets served from a lovable-uploads path indicate an AI app-builder scaffold; the page reads as raw API documentation plus an embedded live-orderbook widget, topped by a prominent 'we're joining Polymarket' announcement banner.","Product-page craft pass for the Polymarket transition: a clean, conversion-oriented page replacing the raw docs-folder presentation","Dome unified prediction-market APIs elegantly; the site reads like its own docs folder. With the Polymarket transition, a clean product-facing page is timely."
043,2: Startup Craft Upgrade,2: Startup Craft Upgrade,Fastshot,https://www.fastshot.ai,San Francisco,United States,"YC-backed Fall 2025, team of 3, no-code AI mobile-app builder shipping to App Store and Play Store",Dmitry Fatkhi,Founder/CEO,via contact page (fastshot.ai/contact),"YC Fall 2025; AI-powered no-code builder generating true native iOS/Android apps, trusted by 10,000+ builders","Explainer landing page built around step-by-step copy and prominent third-party integration promos (Adapty subscriptions, AdMob ads) placed high in the primary flow; communicates the offer but reads like a template app-builder page rather than a crafted product site.","Product-story restructure leading with shipped-app outcomes, with monetization integrations moved to supporting sections",Fastshot ships native apps without code; the landing page foregrounds ad and subscription integrations over the product promise. We reorder the story around what builders actually want.
044,2: Startup Craft Upgrade,2: Startup Craft Upgrade,Lapis,https://www.trylapis.com,San Francisco,United States,"YC-backed Fall 2025, team of 5, self-improving paid-ads engine",Varunram Ganesh,Founder/CEO,via demo page (trylapis.com/demo?cta=home_hero_create_first_ad),"YC Fall 2025; AI agents that create, launch and optimize paid ads across Meta, Google, LinkedIn and Reddit; trusted by 1,500+ marketing teams","Polished card-based layout with G2 badges and demo-gated CTAs ('See Lapis in Action'), but value is carried by feature cards and trust badges in a familiar adtech-SaaS template; functional, not distinctive.",Visual-narrative pass replacing the feature-card grid with a distinctive story tying AI optimization to measurable ROAS outcomes,Lapis's self-improving ads engine is a sharp concept; the page presents it through feature cards and G2 badges. We make the visual story as adaptive as the product.
045,2: Startup Craft Upgrade,2: Startup Craft Upgrade,Lemma,https://www.uselemma.ai,San Francisco,United States,"YC-backed Fall 2025, $2.3M pre-seed (Matrix/YC), team of 2, production monitoring for AI agents",Jerry Zhang,Co-Founder/CEO,founder demo (cal.com/jerryzhang/lemma-demo),YC Fall 2025; named by Forbes among top startups of the Fall 2025 batch; raises pre-seed to catch silent failures in AI agents,"Monitoring-tool landing page with a partner-logo carousel, Slack-like alert mockups and inline code/trace blocks; repeated header links and dense trace-metric panels clutter the scroll, communicating capability through dashboard screenshots rather than a distinctive visual identity.","Buyer-narrative restructure turning diagnostic detail into a clean story for engineering leaders, de-cluttering repeated elements","Lemma catches silent agent failures; the site shows alert screenshots and trace blocks. We turn diagnostic detail into a cleaner, buyer-ready narrative."
046,2: Startup Craft Upgrade,2: Startup Craft Upgrade,Lexi,https://getlexi.io,San Francisco,United States,"YC-backed Fall 2025, team of 15, legal-work operating system",Harshit Garg,Founder/CEO,via contact page (getlexi.io/contact),"YC Fall 2025; AI legal OS processing 20M+ documents across 200,000+ cases for 1,000+ organizations in 100+ languages","Hero and section background images compressed to q=45; the sponsor row repeats the identical YC/Plug and Play/Google/Lovable logo sequence three times consecutively, and the Lovable scaffold logo sits visibly in the trust block — functional but visibly assembled rather than bespoke.",Image-quality and visual-assembly cleanup plus a bespoke identity pass so the page matches the enterprise category it serves,Lexi processes millions of legal documents; the page shows image-compression artifacts and repeated sponsor rows. We make the visual layer match the enterprise claim.
047,2: Startup Craft Upgrade,2: Startup Craft Upgrade,Lua Global Inc,https://heylua.ai,London,United Kingdom,"YC-backed Fall 2025, team of 5, mid-market AI agent platform",Lorcan O Cathain,Founder/CEO,support email (site footer),"YC Fall 2025; 'AI workforce' platform running governed agents where teams already work (Salesforce, Slack); Delaware-registered, London-based","Homepage carries a long, duplicated sequence of AI-provider logos and code-snippet blocks with waitlist-gated CTAs; communicates breadth but the repetitive provider wall and mixed technical prose read cluttered above the fold.",First-screen compression and logo-wall discipline giving a London AI-platform company an executive-ready landing page,Lua runs an AI workforce across Salesforce and Slack; the page stacks provider logos and TypeScript samples. We streamline the first screen for both technical and executive readers.
048,2: Startup Craft Upgrade,2: Startup Craft Upgrade,Rovr,https://www.withrovr.com,San Francisco,United States,"YC-backed Fall 2025, team of 3, AI orchestration for implementation teams",Arnav Jain,Co-Founder,founder demo (cal.com/bellman-ai/20min),YC Fall 2025; AI orchestration layer for FDE and professional-services teams capturing requirements and generating SOWs/artefacts automatically,Next.js landing page built from Slack-style chat mockups and a personal cal.com demo link; value conveyed through feature lists and pseudo-terminal chat bubbles rather than a crafted product narrative; generic devtool visual template.,Crafted narrative pass replacing chat-mockup demos with a focused implementation-outcome story and professional polish,Rovr ships implementations 10x faster via Slack commands; the page demonstrates it with chat mockups but reads like a template. We make the craft match the speed claim.
049,2: Startup Craft Upgrade,2: Startup Craft Upgrade,Semble,https://www.sembleai.com,San Francisco,United States,"YC-backed Fall 2025, team of 14, all-in-one software for low-voltage/security integrators",Jonathan Tyshler,Founder/CEO,info@sembleai.com,"YC Fall 2025; takeoffs/design, quoting, scheduling, field ops, inventory and invoicing for integrators, from Stanford/Tesla/SpaceX alumni","Plain vertical-SaaS feature grid (takeoffs, scheduling, field ops, inventory, invoicing) presented as mobile screenshots and bare-text FAQs; communicates business-software functionally with no visual craft — a template vertical-software page.",Visual-craft pass giving a strong vertical-SaaS product a first screen with presence and clear information hierarchy,Semble runs integrators end to end on one platform; the site presents it as a bare feature grid. We give a strong product a first screen worth the software.
050,2: Startup Craft Upgrade,2: Startup Craft Upgrade,Sourcebot,https://www.sourcebot.dev,San Francisco,United States,"YC-backed Fall 2025, team of 3, self-hosted code search and agent context layer",Michael Sukkarieh,Founder/CEO,enterprise intro (calendly.com/michael-sourcebot/sourcebot-introduction),"YC Fall 2025; self-hosted code search and AI agent context layer positioned as 'less than half the price' of Sourcegraph, Red Hat among customers","Docs-oriented marketing page structured around a Sourcegraph-comparison CTA, pricing tiers and a testimonial grid; clean and credible but template-following (Basic/Pro/Enterprise table) with minimal brand identity or product visualisation.","Product-led rewrite opening with the developer outcome instead of the competitive pricing hook, with a coherent visual identity",Sourcebot brings code context to every repo at half the cost; the page proves value with a pricing table. We lead with the story instead.
051,2: Startup Craft Upgrade,2: Startup Craft Upgrade,Specific,https://specific.dev,Stockholm,Sweden,"YC-backed Fall 2025, team of 2, cloud platform for coding agents",Fabian Lindfors,Founder/CEO,via contact page (specific.dev),"YC Fall 2025; lets coding agents write code and build the infrastructure to run it, defining/building/deploying via HCL-style config","Dashboard screenshot plus Cursor/Claude Code/Codex logo row and a long, repetitive user-quote carousel; communicates the developer proposition but follows the coding-agent-launch template with limited visual distinction.",Distinctive visual-system pass for a Stockholm-founded platform competing against US launch templates,Specific builds cloud infra from a prompt; the site follows the coding-agent launch template. We give Stockholm's newest platform a first screen with presence.
052,2: Startup Craft Upgrade,2: Startup Craft Upgrade,The Context Company,https://www.thecontextcompany.com,San Francisco,United States,"YC-backed Fall 2025, AI agent observability with cited case-study gains (45.6% lower cost per run, 25.1% more customer runs)",Studio Principals,Founders,founders@thecontextcompany.com,"YC Fall 2025; turns production agent conversations into actionable patterns with IDE debugging over MCP, SOC 2/HIPAA posture","Clean enterprise-devtool layout (Product/Enterprise/Pricing/Resources navigation, SOC 2/HIPAA badges, IDE-debug MCP workflow) but visually indistinguishable from the broader 'observability for AI agents' template set; credible, low distinctiveness.",Differentiation pass surfacing the unique pattern-detection approach visually so the page does not read like a generic observability vendor,The Context Company finds patterns across production traces; the page could belong to any AI-observability vendor. We sharpen what makes your approach different.
053,2: Startup Craft Upgrade,2: Startup Craft Upgrade,Unsiloed AI,https://www.unsiloed.ai,San Francisco,United States,"YC-backed Fall 2025, team of 2, #1 ranked parser on olmOCR-Bench (88.0 score)",Aman Mishra,Founder/CEO,via contact page (unsiloed.ai),"YC Fall 2025; proprietary dual-stream vision models turning PDFs, images and spreadsheets into LLM-ready JSON/Markdown; founders Adnan Abbas (CTO) and Aman Mishra","Benchmark-and-architecture-heavy landing page ('dual-stream vision model', attention-guided heatmaps) aimed squarely at technical buyers; communicates #1 olmOCR-Bench accuracy but reads like a research brief rather than a crafted commercial page, with raw '[ NEW ]' tags left visible in-page.","Commercial-narrative pass keeping the technical proof but wrapping it in a crafted, decision-maker-friendly first screen",Unsiloed ranks #1 on olmOCR-Bench with proprietary vision models; the page argues like a preprint. We keep the technical proof and add a crafted first screen.
054,2: Startup Craft Upgrade,2: Startup Craft Upgrade,Uplane,https://uplane.com,San Francisco,United States,"YC-backed Fall 2025, team of 22, AI full-funnel marketing software, works with AG1 and Kalshi",Julius Korfgren,Co-Founder/CEO,via contact page (uplane.com),"YC Fall 2025; AI autopilot producing hundreds of brand-compliant ads and landing pages per month, claiming 31% average ROAS uplift and managed/enterprise tiers","Media/gallery-heavy page listing large numbers of creative assets alongside managed-service framing ('let us run it'); the asset-grid presentation and service-bureau positioning blur whether Uplane is product or agency, weakening the product story.","Product-positioning restructure making the platform unmistakably the hero over the services layer, with tighter visual hierarchy",Uplane replaces marketing agencies with an AI autopilot; the page reads partly like an agency deck. We make the product the hero.
055,2: Startup Craft Upgrade,2: Startup Craft Upgrade,Zavo,https://zavopay.com,London,United Kingdom,"YC-backed Fall 2025, team of 8, AI operating system for restaurants/hospitality, raised $500K",Ilkan Gezer,Co-Founder,via contact page (zavopay.com/contact),"YC Fall 2025; unifies POS, payments, reservations and AI voice agents into a single customised hospitality platform with Adyen-powered payments","Framer-built hospitality page (framerusercontent asset paths) using generic service imagery, broad 'AI for hospitality' claims and a sprawling feature list spanning POS, voice agents, embedded finance and on-site support — reads like an agency capabilities deck rather than a focused product landing page.",Focus-and-craft pass distilling a wide capability set into one clear product promise with a cohesive visual system,"Zavo unifies POS, payments and reservations into one hospitality OS; the page lists every capability without a spine. We focus it around one clear promise."
056,3: Interactive System,3: Interactive System,Tim Wendelboe,https://timwendelboe.no,Oslo,Norway,Owner-operated specialty roastery,Tim Wendelboe,Founder & Owner,via contact page (timwendelboe.no/pages/contact-us),World-renowned Oslo roastery; premium single-origin coffees priced around $20-22 per bag with tiered subscriptions and an espresso bar,"Shop presents award-winning coffees as a flat photo-grid catalogue; storytelling exists in side pages (farms, team, roastery-tour video) but the product experience itself carries no motion, scroll narrative or brew-journey interaction.","GSAP-driven scroll narrative tying origin farms -> roast profiles -> cupping notes into an immersive, purchase-ready story",Your sourcing and roast craft is world-class; the shop presents it as a flat product grid. We build scroll narratives that let coffee provenance tell its story.
057,3: Interactive System,3: Interactive System,Square Mile Coffee Roasters,https://squaremilecoffee.com,London,United Kingdom,"Co-founded 2008, roastery team",James Hoffmann,Co-Founder & Head Roaster,via contact page (squaremilecoffee.com/pages/contact),"Founded by 2008 World Barista Champion James Hoffmann and Anette Moldvaer; premium beans priced £15-28, wholesale programme for cafes",Product pages are conventional grid/list cards with 'Read More' links and a few embedded videos; the catalogue itself is a static layout with no product-provenance motion or cupping-note interactivity despite the depth of their expertise.,Interactive origin-story product pages with scroll-driven processing maps and tasting-note micro-interactions,James's writing and cupping insight are unmatched; the e-commerce site flattens them into standard product cards. We turn provenance into an interactive buying journey.
058,3: Interactive System,3: Interactive System,ONA Coffee,https://onacoffee.com.au,Gold Coast,Australia,Multi-roastery group with four flagship cafes,ONA Coffee Co-Founders,Co-Founders & Owners,via contact page (onacoffee.com.au/pages/contact),"Award-winning Australian roastery with four flagship cafes nationwide, a wholesale programme across cafes and restaurants, and blends such as the bestseller Raspberry Candy",Shopify product cards present each coffee as a static pack shot with price and size selectors; origin stories and cafe culture live in separate text blocks rather than in the product journey.,"Shoppable scroll narrative combining origin films, barista workflow animation and blend-matching interactivity",ONA's blends and flagship cafes are distinctive; the shop presents them as static pack shots. We make the product journey as considered as the cup.
059,3: Interactive System,3: Interactive System,Workshop Coffee,https://workshopcoffee.com,London,United Kingdom,Speciality roastery and Belgravia cafe,Workshop Coffee Founders,Founders & Roastery Team,via contact page (workshopcoffee.com/pages/belgravia),"London speciality roaster with a Belgravia cafe and wholesale partnerships including Claridge's, Raffles London, Mandarin Oriental, The Langham and The Ned; featured in Sprudge, Monocle, Harper's Bazaar and The Times","Premium beans (£14-23) are laid out as uniform cards ('Palate, Place, Producer, Price') with a palate quiz as the main interactive element; otherwise the catalog is a conventional grid with no roast-journey storytelling.","Roast-profile explorer with animated sourcing maps, producer film loops and guided tasting-note discovery",Your wholesale partners include Claridge's and Raffles; the retail site still reads like a commodity bean grid. We would give the retail experience a hospitality-grade feel.
060,3: Interactive System,3: Interactive System,Dark Woods Coffee,https://darkwoodscoffee.co.uk,Swansea,United Kingdom,"Founded 2014 by Damian Blackburn, Paul Meikle-Janney and Ian Agnew",Damian Blackburn,Co-Founder & Head Roaster,via site contact form (darkwoodscoffee.co.uk),"Award-winning Welsh speciality roastery; Core Range bags priced £12-13, subscription service, decorative brand illustrations and a brand film","Shopify core-range grid with static pack shots and hover images; the decorative bird illustrations and one brand video are the only motion, and provenance stories sit behind click-throughs rather than in the shopping flow.",Animated origin-journey collection pages with illustrated producer stories and subscription-first storytelling,Dark Woods' adventurous sourcing deserves more than static pack shots; we would bring your illustrations and origin stories into the product journey.
061,3: Interactive System,3: Interactive System,Holloway Li,https://hollowayli.com,London,United Kingdom,"RIBA-chartered practice founded 2018, London + Hong Kong offices",Alex Holloway,Creative Director & Co-Founder,studio@hollowayli.com,"Alex Holloway (Creative Director) and Na Li (Managing Director) lead the practice; hospitality clients include Virgin Atlantic Clubhouse Heathrow, The Hoxton, Locke, Puro Poznan, Wunderlocke Munich, Alto 19, Hylla Suites","Portfolio is served as a static image grid at /images/projects/ - every scheme (Virgin Atlantic Clubhouse, Locke Canary Wharf, Mother London, House in Chelsea) is a single room photo tile with no process narrative, material exploration or spatial walk-through.","Scroll-driven case studies with layered draw-to-build sequences, material close-ups and before/after spatial reveals",Your schemes like the Virgin Atlantic Clubhouse are deeply narrative spaces; online they are reduced to single room tiles. We build case studies that move through the space.
062,3: Interactive System,3: Interactive System,Studio Ashby,https://www.studioashby.com,London,United Kingdom,Founded 2014 by Sophie Ashby,Sophie Ashby,Founder & Creative Director,via contact page (studioashby.com/contact),"Sophie Ashby founded the practice in 2014; residential and hotel work includes St James's Park Apartment, Villa Robert Graves at La Residencia Belmond, Tamodi Estate & Polo Reserve, Guernsey and Hampstead family homes; 'Site by StudioSmall'",Projects sit in a Sanity CMS image grid (project cards such as St James's Park and Villa Robert Graves) navigated by static thumbnails; the visual identity is refined but the browsing experience is a passive gallery with no editorial narrative.,"Editorial project journeys with scroll-driven detail callouts, finish palettes and artisan-craftspotlight micro-interactions",Studio Ashby's rooms are richly layered; the site asks visitors to click through a passive gallery. We turn each project into an editorial journey.
063,3: Interactive System,3: Interactive System,Only If Architecture,https://only-if.com,Brooklyn,United States,"Founded 2013 by Adam Snow Frampton, AIA and Karolina Czeczek, RA",Adam Snow Frampton,Co-Founder & Principal,enquiries via site contact page,"Adam Snow Frampton and Karolina Czeczek lead the Brooklyn practice from 1270 Fulton St; built work spans Narrow House, Voyager Espresso, City of Saints Bryant Park, Love Labyrinth in Times Square and the Cities Without Ground publication","WordPress portfolio organised as static image tiles categorised by sector (Cultural, Houses & Housing, Interiors, Urbanism, Temporary); temporally rich work such as Love Labyrinth (Times Square glass cylinders) and Flatiron Portal is presented as still thumbnails only.",Process-led project pages with timeline/montage scrolls showing installations evolving through space and time,Your installations like Love Labyrinth are experienced through time in the city; online they are frozen as thumbnails. We build project pages that restore that dimension.
064,3: Interactive System,3: Interactive System,FreelandBuck,https://freelandbuck.com,Los Angeles,United States,"LA + NYC practice; principals David Freeland, Brandon Clifford, Brennan Buck",David Freeland,Principal & Co-Founder,enquiries via website contact form,"Principals include David Freeland (principal since 2010) and Brandon Clifford; institutional work includes Everson Museum Cafe, New Museum Tents, MOCA Listening Room, Yale Assembly Pavilion, Nike SF and Miami Design District Paradise Plaza","Homepage and project index are a gallery of image thumbnails labelled by sector (Residential, Interiors, Institutions, Installations, Public Art); craft-heavy work such as UnStack House and Droplet ADU is browsed as a flat grid with no construction or craft narrative.","Craft-forward project narratives with draw-to-detail scrolls exposing joinery, materiality and making-process sequences",The craft in projects like UnStack House is central to your office; the site indexes the work as a flat image grid. We surface the making as part of the story.
065,3: Interactive System,3: Interactive System,Bestor Architecture,https://bestorarchitecture.com,Los Angeles,United States,"Founded and led by Barbara Bestor, FAIA (AD100)",Barbara Bestor,Founder & Principal,via contact page (bestorarchitecture.com/contact),"Barbara Bestor FAIA leads the Los Angeles practice; AD100-listed work includes LACMA Scandinavian Design, Bend Residence, House Stepping Down A Hill, Ashes & Diamonds winery, Blackbirds and Beats By Dre HQ","Squarespace portfolio organised by sector (Residential, Commercial, Arts, Research) with a homepage slideshow carousel; notably the newsletter signup block on the page is broken ('This newsletter signup form needs a storage option'), signalling stale site maintenance alongside the otherwise refined archive.","Refined project storytelling with architectural-sequence scrolls, site-photography integration and a maintained content layer",The architecture is beautifully resolved and AD100-recognised; the site still runs on a basic Squarespace shell with a visibly broken newsletter block. We would match the digital layer to the built craft.
066,3: Interactive System,3: Interactive System,Chandos Collective,https://www.chandoscollective.com,Houston,United States,"Founded and led by Chandos Dodson Epley, 20+ years",Chandos Dodson Epley,Founder & Principal Designer,enquiries via website contact form,"Houston residential interior design practice led by Chandos Dodson Epley, delivering award-winning projects for over two decades with a stated focus on 'effortless elegance that blends modern restraint with a hint of the past'","WordPress portfolio opens with 'Scroll to discover' but resolves to image tiles and Vimeo embeds of finished rooms; rooms are shown as completed photographs without process, sourcing or client-journey narrative.","Room-reveal scroll experiences with sourced-object callouts, palette evolution and before/after spatial transitions",Your portfolio carries 20+ years of bespoke residential work; visitors land on finished-room tiles. We build reveal experiences that show how those rooms came together.
067,3: Interactive System,3: Interactive System,East Fork,https://eastfork.com,Asheville,United States,"Co-founded by Alex Matisse, Connie Matisse and John Vigeland",Alex Matisse,Co-Founder,via contact page (eastfork.com/pages/contact),"Asheville-based ceramics maker co-founded by Alex Matisse, Connie Matisse and John Vigeland; community-focused with 1% of sales donated to community partners and free shipping on orders over $150","Standard e-commerce grid with hero/carousel sliders and promotional banners ('New & Noteworthy', 'The Fall Collection'); product presentation is conventional with carousels and discount messaging rather than clay-to-table craft storytelling.","Slow-scroll clay journey with potter-profile reels, kiln-load reveals and maker-hand micro-interactions driving product pages",The makers and community mission are what set East Fork apart; the storefront presents dinnerware like any other catalogue. We put the hands behind the plates first.
068,3: Interactive System,3: Interactive System,PINCH London,https://pinchdesign.com,London,United Kingdom,Founded 2004 by Russell Pinch and Oona Bannon,Russell Pinch,Co-Founder & Designer,Calendly booking (calendly.com/enquiries-pinchdesign/30min); +44 (0) 207 622 5075,"Husband-and-wife founders Russell Pinch (design) and Oona Bannon (business) lead the London furniture and lighting studio from a showroom at 200 Ebury Street SW1W 8UN, with a New York apartment presence","Homepage is a grid-like collage of product tiles (Glover drinks cabinet, Soren crown pendant, Tove dining table) linking to product pages; an ethos film exists but the primary browse is a static catalogue of collections and 'Latest work'.","Immersive collection lookbooks with scroll-driven joinery details, material provenance and room-setting parallax",PINCH's pieces are quietly sculptural; the site presents them as a product grid with an embedded ethos film. We make the materials and making the journey.
069,3: Interactive System,3: Interactive System,Jono Pandolfi Designs,https://www.jonopandolfi.com,Union City,United States,"Owned by Jono Pandolfi; 500+ hospitality clients, 50 ceramic shapes",Jono Pandolfi,Founder & Designer,care@jonopandolfi.com,"Founded and owned by Jono Pandolfi; serves 500+ hospitality clients with 50 ceramic shapes, from custom work for Daniel Humm at the Nomad Hotel NYC to Amanda Cohen at Dirt Candy, Four Horsemen, Jean-Georges and Girl & the Goat","Product collections (Coupe, Square Sided) are shown through static imagery and image carousels with chef testimonial blocks and a 'Restaurant Guide'; presentation is image-led with some narrative client sections but no motion or table-setting narrative.",Animated table-setting storytelling with chef-voiceover micro-scenes and plate-form evolution scrolls,Your work defines tables at the Nomad and Jean-Georges; the site shows plates as still images with quotes. We let chefs and settings tell the story in motion.
070,3: Interactive System,3: Interactive System,Heath Ceramics,https://heathceramics.com,Sausalito,United States,Owned and operated by Robin Petravic (CEO) and Catherine Bailey (Creative Director); founded by Edith & Brian Heath,Robin Petravic,CEO & Co-Owner,via contact page (heathceramics.com/pages/contact-us),"Acquired and rebuilt in 2003 by Robin Petravic (CEO) and Catherine Bailey (Creative Director); locations in Sausalito, San Francisco, Los Angeles and Austin; collaborations with Alabama Chanin, David Mellor, Herman Miller and the Chez Panisse line",Tile and dinnerware are laid out as static grids and thumbnail galleries with a 'Heath Journal' for narrative posts; the rich Edith Heath legacy and collaborative design process live in articles rather than in the commerce experience.,"Heritage scroll narrative connecting Edith Heath's Manganese clay body to present-day making, with factory-floor reels and collaborator stories","Heath's legacy - from Edith Heath's Manganese clay body to the Chez Panisse line - lives in journal articles, not the shop. We weave that story into the buying experience."
071,4: Workflow/Booking Overhaul,4: Workflow/Booking Overhaul,Harley Street Injectables,https://www.harleystreetinjectables.com/,London,United Kingdom,Private Harley Street clinic; multi-practitioner doctor/nurse/aesthetician team,Founding Practitioner,Lead Aesthetic Doctor,via Phorest online booking widget + consultation form (harleystreetinjectables.com); +44 345 548 5658,Harley Street address (W1G 7JE); injectable treatments typically £150-400 per session; CQC-registered clinic setting,"The Squarespace build is text-dense with duplicated navigation blocks and numerous repeated sections across a long homepage. Treatment detail and pricing sit behind multiple clicks, and the consult path splits between a Phorest widget, a request-form and a phone number rather than one clear journey.","Conversion-focused clinic rebuild: unified consult path, treatment-journey storytelling, mobile-first, Core Web Vitals green","Harley Street Injectables' Squarespace site buries treatments in repeated navigation blocks and text-heavy sections; visitors should reach a consult path in one scroll, not hunt for it."
072,4: Workflow/Booking Overhaul,4: Workflow/Booking Overhaul,Harley Street Smile Clinic,https://harleystreetsmileclinic.co.uk/,London,United Kingdom,Private family-run cosmetic dental practice; lead dentist + clinical support,Dr Maurice Johannes,Lead Cosmetic Dentist,via 'Make an Enquiry' form + click-to-call/WhatsApp (harleystreetsmileclinic.co.uk),"Patient-funded private cosmetic practice on Harley Street, where full-mouth veneer and implant work routinely reaches five-figure fees; 5-year veneer guarantee offered","The WordPress site carries a non-loading Google Maps embed ('This page can't load Google Maps correctly') and dated asset filenames in its media library. All booking routes funnel to an enquiry form or click-to-call/WhatsApp, with no instant online booking despite cosmetic work being a considered, high-value purchase.","Premium cosmetic-dentistry rebuild: trust-forward case presentation, instant online booking integration, Core Web Vitals green","Dr Johannes' Harley Street practice has a non-loading Google Maps embed and dated media files; a patient considering five-figure smile work needs confidence signals, not broken embeds."
073,4: Workflow/Booking Overhaul,4: Workflow/Booking Overhaul,Cosmedocs Aesthetic Clinic,https://www.cosmedocs.com/,London,United Kingdom,Doctor-led Harley Street clinic; medical director + nursing/aesthetic team,Dr Ahmed Haq,Medical Director,info@cosmedocs.com / 0333 0551 503 / MeRight instant booking (med.as.me),"Harley Street (8-10 W1G 9PF) doctor-led clinic; PP Glow polynucleotide course advertised at £1,250 for 3 sessions; full filler/peel/laser menu","The Netlify-built site itemises an extensive treatment taxonomy but pushes pricing and booking several clicks deep, with only one promotional bundle visible on the surface. For a Harley Street clinic this consult-first path is serviceable but reads passive next to the premium positioning.","High-end aesthetics site rework: concise treatment taxonomy, transparent consult tiers, frictionless Harley Street booking UX",Dr Ahmed Haq's Harley Street clinic lists every treatment taxonomy but prices and booking sit clicks deep; premium patients expect a frictionless consult path on Harley Street.
074,4: Workflow/Booking Overhaul,4: Workflow/Booking Overhaul,Luxury Aesthetics,https://luxuryaestheticclinic.com/,New Delhi (Panchsheel Park),India,Premium South Delhi skin & aesthetic clinic; dermatologist-led,Founding Dermatologist,Clinical Director,info@luxuryaestheticclinic.com / 072900 15801-03 / site contact form,"South Delhi premium clinic claiming 1,500+ customers; Botox, peels, PRP/GFC/QR678, CoolSculpting, Exilis 360 and laser menu; Panchsheel Park affluent catchment","The WordPress site (built by Digilize Media) leans on generic stock imagery, templated 'US-FDA Approved Technology' value props repeated twice, and duplicate appointment sections. The 'BOOK AN APPOINTMENT' CTA anchors to a form rather than offering a streamlined consult path for South Delhi's premium market.","Delhi premium clinic rebuild: custom design replacing template stock language, streamlined appointment flow, performance-optimised frontend",Luxury Aesthetics serves generic stock imagery and templated 'US-FDA approved' claims; a premium South Delhi clinic should look and convert like one.
075,4: Workflow/Booking Overhaul,4: Workflow/Booking Overhaul,Dental Sanctuary,https://www.dentalsanctuary.in/,Bengaluru (Indiranagar),India,"Multi-speciality dental clinic; 5 specialist dentists + support team (4.9★, 300+ reviews)",Dr Isha S Singh,Director & Orthodontist (Clinic Head),"Call/WhatsApp booking via site (dentalsanctuary.in); 80 Feet Road, HAL 3rd Stage","Rated 4.9★ by 300+ patients; Invisalign, implants, zirconia crowns, veneers and laser dentistry in affluent Indiranagar/HAL corridor","Built on Wix, the practice presents every treatment as an icon-card in a flat grid, and booking is limited to call/WhatsApp with no online slot selection. For a 300-review clinic in Indiranagar, the Wix footprint undercuts a practice advertising implants, zirconia and Invisalign.","High-trust dental frontend on Next.js: treatment storytelling, online scheduling, mobile performance for Indiranagar searches",Dental Sanctuary runs on Wix with icon-grid treatment pages and WhatsApp-only booking; Indiranagar's implant and veneer cases deserve a higher-trust digital front door.
076,4: Workflow/Booking Overhaul,4: Workflow/Booking Overhaul,Miss Franc,https://missfranc.com.au/,"Sydney (Double Bay, Manly)",Australia,Boutique skin & aesthetics clinic; aesthetics doctors + dermal therapists + retail arm,Founders,Clinic Directors,Book Online via Kitomba (apps.kitomba.com/bookings/missfranc) / Double Bay clinic,Boutique Double Bay and Manly clinic with celebrity client profiles (model Samara Weaving feature) and a proprietary skincare range; premium Sydney suburbs,"The Shopify storefront blends skincare retail with clinical services, so the homepage reads like a product catalogue before a clinic. Boutique aesthetics patients land on serum product tiles ('view product' / 'shop now') rather than a treatment-first journey for a Double Bay practice.","Clinic-first D2C hybrid rebuild: separate treatment journeys from retail while keeping the skincare store, premium Double Bay feel",Miss Franc mixes skincare retail with boutique aesthetics on Shopify; the commerce-template feel undercuts the Double Bay clinic's premium positioning.
077,4: Workflow/Booking Overhaul,4: Workflow/Booking Overhaul,Hoblyn & White,https://hoblynwhite.com/,London,United Kingdom,Intimate garden design + landscape architecture partnership (two principals + contractor network),Tom Hoblyn,Co-Founder & Garden Designer,via site contact enquiry (hoblynwhite.com),"RHS Chelsea Silver-Gilt winner (Hospice UK Garden of Compassion, 2025); commissions span UK country estates and small luxury London apartments; partnership rebranded March 2026","Award-winning spatial work is presented through a Squarespace photo gallery with news/blog tiles; the craft of materials, planting succession and built gardens cannot travel through static thumbnails. Enquiry starts at a standard site form, with no project narrative to qualify country-house briefs.",Narrative garden portfolio with material/process scrolls and a structured country-house enquiry flow,"Tom Hoblyn and Jane Fitzgerald White's award-winning gardens are told through a Squarespace photo gallery; the craft of built landscapes deserves a narrative scroll, not thumbnails."
078,4: Workflow/Booking Overhaul,4: Workflow/Booking Overhaul,Acacia Gardens,https://acacia-gardens.co.uk/,London & Hertfordshire (St Albans),United Kingdom,Director-led landscape & garden design practice; design + build teams,Herman Ermal Pobrati,Director & Landscape Architect,info@acacia-gardens.co.uk / 020 8800 3866 / 'Book a Consultation' form,"RHS Chelsea Flower Show medal-winning designer; servicing Hampstead, Highgate, Islington, St John's Wood, St Albans and Harpenden - high-value residential catchments","Projects sit behind thumbnail tiles and a 'Book a Consultation' form with no budget or scope guidance to pre-qualify enquiries. Medal-winning residential work in Hampstead and St Albans is communicated as finished photographs with captions, not a process story.",Process-led portfolio rebuild with scheme narratives and an enquiry path that qualifies budget and scope,Acacia's RHS medal-winning schemes live as image tiles behind a consultation form; high-value Hampstead and Islington briefs need process narrative before they enquire.
079,4: Workflow/Booking Overhaul,4: Workflow/Booking Overhaul,Perry Guillot Inc.,https://perryguillotinc.com/,"Southampton, NY",United States,Solo-principal landscape architecture practice serving private and historic commissions,Perry Guillot,Principal Landscape Architect,p@guillotinc.com / 631 283 2839,"Arthur Ross Award for Landscape Architecture (Institute of Classical Art & Architecture, 2009); published author ('Privet Lives', 2004); East End commissions since 1983","The hand-coded static one-pager serves oversized hero images, long first-person text blocks and a lone email contact against a 2021 copyright footer. An Arthur Ross Award-winning practice's case depth is not discoverable beyond an image dump and a brief biography.","Editorial East End landscape portfolio: case narratives, image optimisation, refined typography matching the Arthur Ross pedigree",Perry Guillot's Arthur Ross Award pedigree sits inside a hand-coded one-pager with oversized images and a lone email link; Southampton's finest deserves digital parity.
080,4: Workflow/Booking Overhaul,4: Workflow/Booking Overhaul,Laurel Group,https://www.thelaurelgroup.net/,"Long Island, NY (Huntington, Roslyn, Water Mill)",United States,Full-service design-build-maintenance group established 1993 across three NY locations,Mark McAteer,CEO & Founder,info@thelaurelgroup.net / 631-547-5200 / 'Schedule a Consultation' form,"Established 1993; design, pools, sport courts, pergolas and property care across the North Shore of Long Island and the Hamptons; estate-scale outdoor budgets typical","Core service and program content lives inside third-party Heyzine flip-book PDFs (process, programs, terms, tennis & sport), and the portfolio is a project-name tile grid. Estate clients on the North Shore and Hamptons must download a brochure to understand how the firm works.","Estate-landscape marketing site: integrated process pages (no flip-books), project narratives, consultation scheduler",Laurel Group keeps its proven process inside Heyzine flip-book PDFs; North Shore and Hamptons estate clients won't download a brochure to trust a builder.
081,4: Workflow/Booking Overhaul,4: Workflow/Booking Overhaul,Stepien Lake LLP,https://www.stepienlake.co.uk/,London (West End),United Kingdom,Boutique property law firm; partners and consultants with 20-35 years' experience each,Richard Hill,Practice Director,via website contact form (stepienlake.co.uk),"West End boutique firm handling development agreements, joint ventures, options, promotion agreements, strategic land, mines & minerals and renewables for corporates, funds and landed estates","The WordPress build still references 2018-dated icon assets and carries a cookie banner with no preference controls. Complex development, JV and strategic-land work is described in text-dense paragraphs with no visual case narratives despite the firm's stated City-parity positioning.","Premium property-law digital presence: deal narratives, clear service architecture, modern fast build reflecting City-parity standards",Stepien Lake handles complex West End development deals on a WordPress build with 2018-era assets and text-dense service pages; the digital layer undersells a City-parity practice.
082,4: Workflow/Booking Overhaul,4: Workflow/Booking Overhaul,Boston Technology Law,https://bostontechlaw.com/,"Boston, MA",United States,"Small boutique technology-law firm; founding partner + senior attorneys, former in-house/big-law",David Rickerby,Founding Partner,via contact page (bostontechlaw.com),"Boutique technology-law practice serving venture-backed SaaS providers and Fortune 100 businesses; software licensing, cloud, trademark and commercial-agreement focus",The WordPress homepage leads with a dated 'tech tree' illustration and copy claiming rates 'less than half of those charged by global firms' - price-anchoring language that attracts cost-shopping rather than judgment-led mandates.,"Premium boutique positioning rebuild: value and judgment-led messaging, cleaner information architecture, Next.js performance","Boston Technology Law undercuts itself with 'rates less than half of global firms' copy and dated tech-tree graphics; premium clients buy judgment, not price."
083,4: Workflow/Booking Overhaul,4: Workflow/Booking Overhaul,Insight Legal,https://insightlegal.co.in/,New Delhi (Green Park Extension),India,Boutique litigation/arbitration office; founder-managing partner + named lawyer team across practice domains,Rahul Malhotra,Founder & Managing Partner,"info@insightlegal.co.in / 011-4360 4660 / C-3, 1st Floor, Green Park Ext., New Delhi-110016","Boutique Delhi firm handling ₹100+ crore infrastructure and construction disputes, IBC/NCLT insolvency, white-collar investigations and employment/POSH for individuals, startups and global companies",The WordPress homepage gates access behind a Bar Council disclaimer modal and plays a self-hosted MP4 background video. ₹100+ crore dispute capability is listed as dense domain text rather than demonstrated through matter narratives.,"Authority-first litigation site: matter-capability narratives, instant intake form, Core Web Vitals green for instant credibility",Insight Legal handles ₹100+ crore disputes but its WordPress homepage leads with a disclaimer gate and a self-hosted video; authority should load instantly.
084,4: Workflow/Booking Overhaul,4: Workflow/Booking Overhaul,Kaizen Law,https://kaizenlaw.in/,Gurgaon,India,Boutique corporate law firm; founding partners + transaction team,Founding Partners,Corporate Law Principals,via website contact enquiry (kaizenlaw.in),"Self-described boutique corporate law firm in Gurgaon specialising exclusively in M&A, private equity, venture capital and commercial contracts","The firm states its boutique M&A, PE and VC focus up front, but the site offers little beyond practice-area labels - no deal narratives, no surfaced partner profiles and no clearly visible enquiry route. Corporate counterparties vet advisers on demonstrated transactions, which the site does not yet show.","Boutique corporate-law presence: transaction narrative framework, partner profiles, discreet enquiry channel for Gurgaon deals",Kaizen Law describes itself as a boutique M&A and PE firm for Gurgaon's dealmakers; its digital presence does not yet signal that calibre to counterparties.
085,4: Workflow/Booking Overhaul,4: Workflow/Booking Overhaul,Mosman Village Dentistry,https://mosmanvillagedentistry.com.au/,"Mosman, NSW",Australia,Independent husband-wife dental practice; two dentist-owners (50+ years combined) + hygiene/support staff,Dr David Wing & Dr Jennifer Chang,Dentist-Owners,"Book Online button / Contact Us page (mosmanvillagedentistry.com.au); 10/880 Military Rd, Mosman NSW 2088",Independent practice established 2007 by husband-and-wife team; 50+ years combined experience; affluent Mosman village catchment where porcelain veneers and implants carry premium fees,"The WordPress site still displays a 2021 'COVID-Safe' badge in its header imagery and reads as a general family-dentist practice. For a Mosman practice where porcelain veneers and implants command premium fees, the digital front door underplays the cosmetic capability.","Premium cosmetic-dental front door: veneer and implant case storytelling, online booking, polished Mosman-local presence",Mosman Village Dentistry is a 50-year-experience husband-wife practice on WordPress with a lingering 2021 COVID-safe badge; Mosman's cosmetic cases expect a premium front door.
086,5: Zero-Presence Greenfield,5: Zero-Presence Greenfield,Rhino Roofing and Building Specialists Ltd,https://www.mybuilder.com/profile/rhino-roofing-and-building-specialists-ltd,Hornchurch,United Kingdom,Newly-incorporated roofing and landscape contractor trading under the ltd name; listed on trade directories only,Founding Director,Proprietor,via MyBuilder.com profile page (exact ltd-name listing),Actively listed under its exact registered name on MyBuilder and northdata; incorporated 8 Sep 2025 with SIC 43910 roofing activities plus 81300 landscape service activities - a live trading footprint with no owned web property,Every candidate domain for the registered name returns NXDOMAIN; the business trades purely through trade-directory profiles and has no website of its own to showcase roofing or grounds work.,"Fast single-page flagship build for a new trades business: service pages, completed-work gallery, call-first booking path, Core Web Vitals green",Rhino Roofing trades through MyBuilder with no site of its own; a same-day flagship page turns quote-seekers into direct calls instead of platform leads.
087,5: Zero-Presence Greenfield,5: Zero-Presence Greenfield,TS Plumbing & Heating Services (2026) Ltd,https://find-and-update.company-information.service.gov.uk/company/NI735092,Dromore,Northern Ireland,"Newly-formed plumbing, heating and air-conditioning installer (SIC 43220)",Founding Director,Plumbing & Heating Engineer,contact details not public at Companies House - approach via trading-name search around Dromore BT25,Incorporated 4 Nov 2025 in Northern Ireland as a pure plumbing/heating/air-conditioning installer; live trading entity entering its second year with no digital front door,"tsplumbingandheating.co.uk resolves to a GoDaddy parked page, not an operating site; no working website anywhere for a services business where emergency calls drive revenue.","Rapid high-speed landing build for emergency-call trades: click-to-call above the fold, service-area pages, review capture, mobile-first",TS Plumbing & Heating holds a parked domain while trading; emergency plumbing leads currently go to directories. A one-page flagship captures call-first customers directly.
088,5: Zero-Presence Greenfield,5: Zero-Presence Greenfield,"Diva Hair, Beauty Salon & Academy Ltd",https://find-and-update.company-information.service.gov.uk/company/16274237,Bedford,United Kingdom,Hairdressing and beauty academy/salon operation; director Meena Nahar listed as person with significant control,Meena Nahar,Director & Proprietor,owner verified via Companies House PSC; no public email - approach via local salon search or 192.com listing,Incorporated 25 Feb 2025; SIC 96020 hairdressing and beauty treatment; Meena Nahar listed as person with significant control - a real operating salon with an added training-academy angle,"Every candidate domain returns NXDOMAIN; the salon and academy are discoverable only via 192.com directory data, with no booking route, price list or course prospectus online.","High-trust salon rebuild with online treatment booking, course and accreditation prospectus, lookbook gallery and mobile-first local presence",Diva Hair runs a salon plus academy with no website at all; treatments and courses should book online rather than by phone-tag through a directory.
089,5: Zero-Presence Greenfield,5: Zero-Presence Greenfield,Electrical Installation Specialists Ltd,https://find-and-update.company-information.service.gov.uk/company/NI722988,Belfast,Northern Ireland,Electrical installation contractor (SIC 43210) trading in the Belfast enterprise area,Founding Director,Electrical Contractor,contact details not public at Companies House - approach via trading-name search around Belfast BT13,Incorporated 25 Oct 2024 in Northern Ireland; pure electrical-installation SIC 43210; active entity with aggregator-visible footprint but no owned web property,"All candidate domains return NXDOMAIN; the firm surfaces only on company-aggregator profiles - no portfolio of installations, no accreditation badges, no enquiry form for commercial work.","Trades-person flagship: NIC/ECA accreditation wall, project gallery, commercial enquiry route, emergency-call prominence",Electrical Installation Specialists shows up on aggregators but has no site; qualified commercial clients need an accreditation-backed front door before they enquire.
090,5: Zero-Presence Greenfield,5: Zero-Presence Greenfield,No 52 Cosmetic Clinic Ltd,https://find-and-update.company-information.service.gov.uk/company/16751790,Norwich,United Kingdom,Cosmetic and aesthetics practice; previously traded as No 52 Beauty and Aesthetics Ltd until a 2026 company-name change,Founding Practitioner,Aesthetic Clinician,enquiries via practice contact channel (Norwich; address not published at Companies House),"Incorporated 30 Sep 2025, having previously traded as No 52 Beauty and Aesthetics Ltd - an established aesthetic offer now operating under a refreshed clinical identity; SIC 96020 beauty treatment","The former-name trading identity has no functioning domain anywhere; a cosmetic practice that rebranded in Norwich has no site to present treatment menus, pricing or before-and-after galleries.","Premium single-page aesthetic-clinic build: treatment menu, transparent pricing, consent-led enquiry flow, before-and-after gallery layer",No 52 renamed itself from Beauty & Aesthetics to Cosmetic Clinic with no website to match; a rebrand deserves a site that presents treatments and pricing transparently.
091,5: Zero-Presence Greenfield,5: Zero-Presence Greenfield,Tate Gardening Services Ltd,https://find-and-update.company-information.service.gov.uk/company/17289102,Bexhill-on-Sea,United Kingdom,Brand-new landscaping company incorporated 19 June 2026 (SIC 81300),Founding Director,Landscape Gardener,contact details not public at Companies House - approach via trading-name search around Bexhill TN39,"Freshly incorporated 19 Jun 2026 - a genuine day-one landscaping startup in East Sussex, still within its first filing year","tategardening.co.uk belongs to an unrelated, decade-established landscaping business in North Yorkshire - a same-name collision; the newly-formed Bexhill company has no web presence of its own.","New-trades launch package: service menu, gallery from day one, quote form, local SEO structure built in from launch rather than retrofitted","Tate Gardening Services launched in Bexhill this year with no site, while an unrelated North Yorkshire firm owns the matching domain; stake your own ground locally."
092,5: Zero-Presence Greenfield,5: Zero-Presence Greenfield,RV Joinery Ltd,https://find-and-update.company-information.service.gov.uk/company/16204833,Leyland,United Kingdom,"Joinery, carpentry, painting and domestic-building contractor (SIC 16230, 43320, 43341)",Founding Director,Carpenter-Joiner,contact details not public at Companies House - approach via trading-name search around Leyland PR26,Incorporated 23 Jan 2025 in Lancashire; active joinery and painting contractor trading through its first full year,"rvjoinery.co.uk resolves but serves an unrelated MDPI academic article about UK water co-governance - a re-registered or collided domain, not the joiner's site; no owned web property exists.","Craft joinery showcase build: bespoke cabinet and partition gallery, maker-process narrative, contractor enquiry path, fast static frontend",RV Joinery's matching domain hosts an unrelated research paper; the Lancashire workshop itself trades with no site for a craft that sells on visuals.
093,5: Zero-Presence Greenfield,5: Zero-Presence Greenfield,"Revitalize, Wellness & Beauty Ltd",https://find-and-update.company-information.service.gov.uk/company/16595277,Birmingham,United Kingdom,Hybrid beauty-treatment and physical-wellbeing practice (SIC 96020 and 96040),Founding Practitioner,Wellness & Beauty Therapist,"enquiries via premises contact (855 Bristol Road South, 1st Floor, Birmingham B31 2PA)",Incorporated 21 Jul 2025 in south Birmingham; combined beauty-treatment and well-being SICs indicate a hybrid salon and wellness-room operation,"revitalizewellnessbeauty.co.uk resolves to a budget domain-sales and parking listing page, not an operating site; no functioning website for a treatments business on Bristol Road.","Hybrid salon-wellness flagship: treatment menu across both disciplines, online booking, practitioner profiles, membership and retention angle",Revitalize Wellness & Beauty holds a parking page instead of a site; a combined beauty-and-wellness offer needs one destination that books both.
094,5: Zero-Presence Greenfield,5: Zero-Presence Greenfield,Michelle Walker Beauty Therapy Ltd,https://find-and-update.company-information.service.gov.uk/company/SC843486,Ellon,Scotland,Solo beauty-therapy practice; traded briefly as Michelle Walker Beauty Therapy and Training Ltd before renaming in April 2026,Michelle Walker,Beauty Therapist & Proprietor,contact not public at Companies House - approach via Ellon AB41 salon search,"Incorporated 1 Apr 2025 in Ellon, Aberdeenshire; traded briefly as Michelle Walker Beauty Therapy and Training Ltd before renaming in April 2026 - a solo practitioner operation","All candidate domains return NXDOMAIN; the practice is visible only at Companies House, with no online presence for a service that clients book repeatedly.","Personal-brand beauty-therapy site: treatment menu, repeat-client packages and membership, online booking, local Aberdeenshire SEO","Michelle Walker Beauty Therapy renamed itself yet has no website; a therapist who relies on returning clients needs a bookable home, not just a company filing."
095,5: Zero-Presence Greenfield,5: Zero-Presence Greenfield,Yew Store & Landscape Ltd,https://find-and-update.company-information.service.gov.uk/company/16404721,Sawbridgeworth,United Kingdom,"Landscape services plus plant and machinery hire (SIC 81300, 77390 equipment rental)",Founding Director,Landscaper & Plant Hire Operator,via third-party driveway-contractor directory listing (basildondriveways.co.uk profile),Incorporated 24 Apr 2025 in Hertfordshire; unusual dual model of landscape services plus machinery and equipment hire - two revenue lines under one limited company,Every candidate domain returns NXDOMAIN; the firm is listed only on a third-party driveway and paving directory - no site for either the landscaping side or the hire side.,"Dual-service build: landscaping portfolio plus equipment-hire catalogue with availability and booking enquiries, both funnels under one brand",Yew Store & Landscape runs landscaping and plant hire with only a third-party directory listing; both revenue lines deserve their own funnel on one site.
096,5: Zero-Presence Greenfield,5: Zero-Presence Greenfield,Starscape Café Limited,https://find-and-update.company-information.service.gov.uk/company/SC880144,Glenrothes,Scotland,"Brand-new café operator (unlicensed restaurants and cafes, SIC 56102)",Founding Director,Café Operator,"contact details not public at Companies House - approach via trading-name search around Star, Glenrothes KY7","Incorporated 24 Feb 2026 - a genuinely new food-and-beverage business in Fife, still within its first filing year; first accounts due Nov 2027",All candidate domains return NXDOMAIN and the business appears only at Companies House and generic registry listings; a new café with no site loses discovery to Google Maps and Instagram alone.,"Hospitality launch page: menu, opening hours, location map, event and private-hire enquiry, Instagram-feed integration, mobile-first",Starscape Café opened in Glenrothes this year with zero web presence; cafés that live only on Instagram lose the customers searching for menus and opening hours.
097,5: Zero-Presence Greenfield,5: Zero-Presence Greenfield,Bethesda Building Solutions Ltd,https://find-and-update.company-information.service.gov.uk/company/NI730422,Armagh,Northern Ireland,Building completion and finishing contractor; already filed accounts to 30 June 2026 (SIC 43390),Founding Director,Building Contractor,contact details not public at Companies House - approach via trading-name search around Armagh BT61,"Incorporated 12 Jun 2025 in Co. Armagh; notably it has already filed its first accounts to 30 Jun 2026 - an actively trading finisher and fit-out firm, not a shell",bethesdabuildingsolutions.co.uk resolves but hosts an unrelated MDPI research article on UK catchment governance - a re-registered or collided domain; the trading firm has no site of its own.,"Trades flagship for fit-outs and finishes: completed-project gallery, accreditation wall, contractor and homeowner enquiry routes, quote intake","Bethesda Building Solutions has filed accounts and trades, but its matching domain carries an unrelated research paper; a contractor that finishes buildings should finish its own front door."
098,5: Zero-Presence Greenfield,5: Zero-Presence Greenfield,Deans Landscape and Maintenance Ltd,https://find-and-update.company-information.service.gov.uk/company/16632990,Middlewich,United Kingdom,"Landscape-service provider (SIC 81300); first confirmation statement lodged late, otherwise Active",Founding Director,Landscape & Grounds Contractor,via rooplex.co.uk aggregator listing for the exact ltd name,"Incorporated 6 Aug 2025 in Cheshire; pure landscape-service SIC 81300; confirmation statement lodged late - an administrative flag only, not accounts-overdue or strike-off","All candidate domains return NXDOMAIN; a pure-play landscaping contractor in Middlewich with no site to show maintained grounds, hard-landscaping or grounds-care contracts.","Grounds-maintenance flagship: service-area pages, contract-enquiry form for commercial estates, schools and housing, gallery, recurring-maintenance pitch",Deans Landscape trades with no site while chasing commercial grounds contracts; estate managers shortlist contractors that can prove scope online.
099,5: Zero-Presence Greenfield,5: Zero-Presence Greenfield,FAS2 Architectural Design Limited,https://find-and-update.company-information.service.gov.uk/company/16570807,Northolt,United Kingdom,"Architectural and urban-planning practice; planning application submitted Dec 2025 to Southwark Council, evidencing live project work",Founding Architect,Design Director,"via planning-application applicant record (Southwark Council ref T6HZX5BOKPZ00, submitted Dec 2025) or site contact form",Incorporated 9 Jul 2025; SIC 41201 construction of commercial buildings plus 71111 architectural activities plus 71112 urban planning and landscape architecture - a live design practice with council-submitted work,"fas2architecturaldesign.co.uk resolves but hosts an unrelated MDPI academic article - a collided or re-registered domain, not the practice studio site; confirmation statement lodged late (administrative flag only).","Architectural-studio presence: planning-approved project narratives, design process and RIBA-stage explainer, commission enquiry route","FAS2 Architectural Design has planning applications lodged but no studio website; architectural clients appoint on process narrative and approved work, not a filing record."
100,5: Zero-Presence Greenfield,5: Zero-Presence Greenfield,Advanced Maintenance & Repair NI Ltd,https://find-and-update.company-information.service.gov.uk/company/NI731026,Belfast,Northern Ireland,Motor vehicle maintenance and repair garage in Hannahstown; 192.com lists the firm as 'Car and Commercial Vehicle Repairs' (SIC 45200),Founding Director,Master Technician & Garage Owner,"via 192.com business-directory listing (Upper Springfield Road, BT17 0LZ category entry)",Incorporated 2 Jul 2025 in west Belfast; SIC 45200 maintenance and repair of motor vehicles; 192.com lists it as an operating car and commercial vehicle repair business,"All candidate domains return NXDOMAIN; the garage trades from Upper Springfield Road with only a directory entry - no site for MOT preparation, diagnostics or commercial fleet work. Confirmation statement lodged late (administrative flag only).","Garage flagship: services list covering MOT prep, diagnostics and fleet/commercial work, trust signals, click-to-call, collection-and-delivery booking angle",Advanced Maintenance & Repair NI works from Hannahstown with only a directory card; vehicle owners choose garages on displayed capability - a one-page site tips that decision.
